<!--
 *
 * Copyright 2008-2010 Sun Microsystems, Inc.  All Rights Reserved.
 * DO NOT ALTER OR REMOVE COPYRIGHT NOTICES OR THIS FILE HEADER.
 *
 * This code is free software; you can redistribute it and/or modify it
 * under the terms of the GNU General Public License version 2 only, as
 * published by the Free Software Foundation.  Sun designates this
 * particular file as subject to the "Classpath" exception as provided
 * by Sun in the LICENSE file that accompanied this code.
 *
 * This code is distributed in the hope that it will be useful, but WITHOUT
 * ANY WARRANTY; without even the implied warranty of MERCHANTABILITY or
 * FITNESS FOR A PARTICULAR PURPOSE.  See the GNU General Public License
 * version 2 for more details (a copy is included in the LICENSE file that
 * accompanied this code).
 *
 * You should have received a copy of the GNU General Public License version
 * 2 along with this work; if not, write to the Free Software Foundation,
 * Inc., 51 Franklin St, Fifth Floor, Boston, MA 02110-1301 USA.
 *
 * Please contact Sun Microsystems, Inc., 4150 Network Circle, Santa Clara,
 * CA 95054 USA or visit www.sun.com if you need additional information or
 * have any questions.
 *
-->
<btrace-probes namespace="java.net.socket">

    <probe name="server-socket-creator">
        <map>
            <clazz>sun.nio.ch.ServerSocketChannelImpl</clazz>
            <method>socket</method>
            <location>
                <value>RETURN</value>
            </location>
        </map>
    </probe>

    <probe name="bind">
        <map>
            <clazz>sun.nio.ch.ServerSocketChannelImpl</clazz>
            <method>bind</method>
            <type>void (java.net.SocketAddress, int)</type>
        </map>
        <map>
            <clazz>java.net.ServerSocket</clazz>
            <method>bind</method>
            <type>void (java.net.SocketAddress, int)</type>
        </map>
    </probe>

    <probe name="bind-return">
        <map>
            <clazz>sun.nio.ch.ServerSocketChannelImpl</clazz>
            <method>bind</method>
            <type>void (java.net.SocketAddress, int)</type>
            <location>
                <value>RETURN</value>
            </location>
        </map>
        <map>
            <clazz>java.net.ServerSocket</clazz>
            <method>bind</method>
            <type>void (java.net.SocketAddress, int)</type>
            <location>
                <value>RETURN</value>
            </location>
        </map>
    </probe>

    <probe name="accept-return">
        <map>
            <clazz>java.net.ServerSocket</clazz>
            <method>accept</method>
            <location>
                <value>RETURN</value>
            </location>
        </map>
        <map>
            <clazz>sun.nio.ch.ServerSocketChannelImpl</clazz>
            <method>accept</method>
            <location>
                <value>RETURN</value>
            </location>
        </map>
    </probe>

</btrace-probes>
